X1,article_time,title,paragraph,source,time_downloaded_gmt,name,price_gfbtc,price_gf_delta_btc,api_last_btc,api_vol_btc,api_ask_btc,api_bid_btc,time_now_gmt,combination,text
397,"
The Guardian - 8 hours ago
","
Bitcoin price soars above $11000 as central bankers seek to calm fears
","Bitcoin topped $11,000 on Wednesday, less than 24 hours after hitting $10,000 for the first time, as central bankers on both sides of the Atlantic sought to ease fears that a potential bubble in the cryptocurrency was a threat to the global economy ...",https://finance.google.com/finance/company_news?q=CURRENCY%3ABTC&ei=3_4SWpC_BcTCU5yLsvAM,2017-11-29T19:30:07Z,Google Finance,"10,409.9950 USD",460,10186.29,26604.51943,10186.29,10180,2017-11-29T19:30:07Z,"
Bitcoin price soars above $11000 as central bankers seek to calm fears
 Bitcoin topped $11,000 on Wednesday, less than 24 hours after hitting $10,000 for the first time, as central bankers on both sides of the Atlantic sought to ease fears that a potential bubble in the cryptocurrency was a threat to the global economy ...", bitcoin price soars central bankers seek calm fears bitcoin topped wednesday less hours hitting first time central bankers sides atlantic sought ease fears potential bubble cryptocurrency threat global economy 
15692,19m,Turkey Central Bank Admits Bitcoin is a Threat to Global Banking System https://goo.gl/KUW1er ,Turkey Central Bank Admits Bitcoin is a Threat to Global Banking System https://goo.gl/KUW1er ,https://twitter.com/search?q=bitcoin&src=typd&lang=en,NA,Twitter,"11,049.9950 USD",201,11106.34,15703.67252,11106.34,11105,2017-12-02T09:45:59Z,Turkey Central Bank Admits Bitcoin is a Threat to Global Banking System https://goo.gl/KUW1er  Turkey Central Bank Admits Bitcoin is a Threat to Global Banking System https://goo.gl/KUW1er ,turkey central bank admits bitcoin threat global banking system googl kuwer turkey central bank admits bitcoin threat global banking system googl kuwer 
16028,1 minute ago,Turkey Central Bank Admits Bitcoin is a Threat to Global Banking System (cryptocoinsnews.com)submitted 1 minute ago by BitcoinAllBot1 commentsharesavehidereport,Turkey Central Bank Admits Bitcoin is a Threat to Global Banking System (cryptocoinsnews.com)submitted 1 minute ago by BitcoinAllBot1 commentsharesavehidereport,https://www.reddit.com/r/BitcoinAll/,2017-12-02T11:15:11Z,Redit BTC All,"11,084.5550 USD",235.56,11096,15338.28583,11096,11082.95,2017-12-02T11:15:41Z,Turkey Central Bank Admits Bitcoin is a Threat to Global Banking System (cryptocoinsnews.com)submitted 1 minute ago by BitcoinAllBot1 commentsharesavehidereport Turkey Central Bank Admits Bitcoin is a Threat to Global Banking System (cryptocoinsnews.com)submitted 1 minute ago by BitcoinAllBot1 commentsharesavehidereport,turkey central bank admits bitcoin threat global banking system cryptocoinsnewscom minute bitcoinallbot turkey central bank admits bitcoin threat global banking system cryptocoinsnewscom minute bitcoinallbot 
16095,16 minutes ago,Turkey Central Bank Admits Bitcoin is a Threat to Global Banking System (cryptocoinsnews.com)submitted 16 minutes ago by BitcoinAllBot1 commentsharesavehidereport,Turkey Central Bank Admits Bitcoin is a Threat to Global Banking System (cryptocoinsnews.com)submitted 16 minutes ago by BitcoinAllBot1 commentsharesavehidereport,https://www.reddit.com/r/BitcoinAll/,2017-12-02T11:30:12Z,Redit BTC All,"11,098.9950 USD",250,10901,15494.14562,10901,10900,2017-12-02T11:30:54Z,Turkey Central Bank Admits Bitcoin is a Threat to Global Banking System (cryptocoinsnews.com)submitted 16 minutes ago by BitcoinAllBot1 commentsharesavehidereport Turkey Central Bank Admits Bitcoin is a Threat to Global Banking System (cryptocoinsnews.com)submitted 16 minutes ago by BitcoinAllBot1 commentsharesavehidereport,turkey central bank admits bitcoin threat global banking system cryptocoinsnewscom bitcoinallbot turkey central bank admits bitcoin threat global banking system cryptocoinsnewscom bitcoinallbot 
16293,5 minutes ago,Is Bitcoin a Threat to the Global Banking System? (medium.com)submitted 5 minutes ago by BitcoinAllBot1 commentsharesavehidereport,Is Bitcoin a Threat to the Global Banking System? (medium.com)submitted 5 minutes ago by BitcoinAllBot1 commentsharesavehidereport,https://www.reddit.com/r/BitcoinAll/,2017-12-02T12:30:12Z,Redit BTC All,"10,975.0750 USD",126.08,10976,14965.22748,10976,10968.62,2017-12-02T12:30:52Z,Is Bitcoin a Threat to the Global Banking System? (medium.com)submitted 5 minutes ago by BitcoinAllBot1 commentsharesavehidereport Is Bitcoin a Threat to the Global Banking System? (medium.com)submitted 5 minutes ago by BitcoinAllBot1 commentsharesavehidereport, bitcoin threat global banking system mediumcom bitcoinallbot bitcoin threat global banking system mediumcom bitcoinallbot 
18804,3 minutes ago,Turkeys central bank admits Bitcoin is a threat to the global banking system (247cryptonews.com)submitted 3 minutes ago by BitcoinAllBot1 commentsharesavehidereport,Turkeys central bank admits Bitcoin is a threat to the global banking system (247cryptonews.com)submitted 3 minutes ago by BitcoinAllBot1 commentsharesavehidereport,https://www.reddit.com/r/BitcoinAll/,2017-12-02T23:15:11Z,Redit BTC All,"10,989.9950 USD",141,10968.97,9434.566583,10969,10957.95,2017-12-02T23:15:43Z,Turkeys central bank admits Bitcoin is a threat to the global banking system (247cryptonews.com)submitted 3 minutes ago by BitcoinAllBot1 commentsharesavehidereport Turkeys central bank admits Bitcoin is a threat to the global banking system (247cryptonews.com)submitted 3 minutes ago by BitcoinAllBot1 commentsharesavehidereport,turkeys central bank admits bitcoin threat global banking system cryptonewscom bitcoinallbot turkeys central bank admits bitcoin threat global banking system cryptonewscom bitcoinallbot 
127114,"December 20, 2017 10:31am EST",Bank of England's Carney: bitcoin is not a financial stability problem,"... bitcoin do not present a threat to global financial stability, Bank..., bitcoin fell more than 10 percent to a one-week low of $15,800...",https://www.reuters.com/search/news?blob=bitcoin&sortBy=date&dateRange=pastWeek,2017-12-20T16:00:20Z,Reuters,"16,613.6100 USD",NA,16577.69,30287.1670099,16656.05,16577.82,2017-12-20T16:01:36Z,"Bank of England's Carney: bitcoin is not a financial stability problem ... bitcoin do not present a threat to global financial stability, Bank..., bitcoin fell more than 10 percent to a one-week low of $15,800...",bank englands carney bitcoin financial stability problem bitcoin present threat global financial stability bank bitcoin fell percent one week low 
132469,"Dec 21, 2017 at 10:15",Bank of England Chief: Bitcoin Isn't a Threat to Financial Stability,Bank of England governor Mark Carney has said that bitcoin's meteoric price gains do not pose a threat to global financial stability.,https://www.coindesk.com/category/news/,2017-12-21T11:00:19Z,Coin Desk,"16,639.6050 USD",158.45,16599.98,23228.91237865,16599.99,16573.95,2017-12-21T11:01:26Z,Bank of England Chief: Bitcoin Isn't a Threat to Financial Stability Bank of England governor Mark Carney has said that bitcoin's meteoric price gains do not pose a threat to global financial stability.,bank england chief bitcoin isnt threat financial stability bank england governor mark carney said bitcoins meteoric price gains pose threat global financial stability
